school_name,school_code
Other school (please type in the name):,57
Capac Elementary School,11
Holmes STEAM Academy,31
Wakefield-Marenisco School,52
Wolverine Elementary School,54
Collins Elementary School,18
Wakefield-Marenisco School,52
Collins Elementary School,18
Collins Elementary School,18
Collins Elementary School,18
Collins Elementary School,18
Collins Elementary School,18
Collins Elementary School,18
Collins Elementary School,18
Collins Elementary School,18
Collins Elementary School,18
Collins Elementary School,18
Collins Elementary School,18
Collins Elementary School,18
Collins Elementary School,18
Collins Elementary School,18
Collins Elementary School,18
Collins Elementary School,18
Collins Elementary School,18
Collins Elementary School,18
Collins Elementary School,18
Collins Elementary School,18
Collins Elementary School,18
Collins Elementary School,18
Collins Elementary School,18
Collins Elementary School,18
Collins Elementary School,18
Wakefield-Marenisco School,52
Lincoln Elementary,38
Collins Elementary School,18
Collins Elementary School,18
Collins Elementary School,18
Collins Elementary School,18
Collins Elementary School,18
Collins Elementary School,18
Collins Elementary School,18
Collins Elementary School,18
Collins Elementary School,18
Collins Elementary School,18
Collins Elementary School,18
Collins Elementary School,18
Collins Elementary School,18
Collins Elementary School,18
Collins Elementary School,18
Collins Elementary School,18
Collins Elementary School,18
Collins Elementary School,18
Collins Elementary School,18
Collins Elementary School,18
Collins Elementary School,18
Collins Elementary School,18
Collins Elementary School,18
Collins Elementary School,18
Collins Elementary School,18
Collins Elementary School,18
Collins Elementary School,18
Collins Elementary School,18
Collins Elementary School,18
Collins Elementary School,18
Collins Elementary School,18
Collins Elementary School,18
Collins Elementary School,18
Collins Elementary School,18
Collins Elementary School,18
Collins Elementary School,18
Collins Elementary School,18
Collins Elementary School,18
Collins Elementary School,18
Collins Elementary School,18
,
Collins Elementary School,18
Collins Elementary School,18
Vanderbilt Area School,51
Collins Elementary School,18
Collins Elementary School,18
Collins Elementary School,18
Collins Elementary School,18
Collins Elementary School,18
Collins Elementary School,18
Collins Elementary School,18
Collins Elementary School,18
Collins Elementary School,18
Collins Elementary School,18
Collins Elementary School,18
Collins Elementary School,18
Collins Elementary School,18
Collins Elementary School,18
Collins Elementary School,18
Collins Elementary School,18
Collins Elementary School,18
Collins Elementary School,18
Collins Elementary School,18
Collins Elementary School,18
Collins Elementary School,18
Collins Elementary School,18
Collins Elementary School,18
Collins Elementary School,18
Collins Elementary School,18
Collins Elementary School,18
Collins Elementary School,18
Collins Elementary School,18
Collins Elementary School,18
Collins Elementary School,18
Collins Elementary School,18
Collins Elementary School,18
Collins Elementary School,18
Collins Elementary School,18
Collins Elementary School,18
Collins Elementary School,18
Collins Elementary School,18
Collins Elementary School,18
Other school (please type in the name):,57
Collins Elementary School,18
Collins Elementary School,18
Collins Elementary School,18
Collins Elementary School,18
Collins Elementary School,18
Collins Elementary School,18
Other school (please type in the name):,57
Collins Elementary School,18
Washington Elementary,53
Lincoln Elementary,38
Lincoln Elementary,38
Lincoln Elementary,38
Lincoln Elementary,38
Lincoln Elementary,38
Lincoln Elementary,38
Lincoln Elementary,38
Lincoln Elementary,38
Lincoln Elementary,38
Lincoln Elementary,38
Lincoln Elementary,38
Lincoln Elementary,38
Lincoln Elementary,38
Lincoln Elementary,38
Lincoln Elementary,38
Lincoln Elementary,38
Lincoln Elementary,38
Lincoln Elementary,38
Lincoln Elementary,38
Lincoln Elementary,38
Lincoln Elementary,38
Lincoln Elementary,38
Lincoln Elementary,38
Lincoln Elementary,38
Lincoln Elementary,38
Lincoln Elementary,38
Lincoln Elementary,38
Lincoln Elementary,38
Lincoln Elementary,38
Lincoln Elementary,38
Lincoln Elementary,38
Lincoln Elementary,38
Lincoln Elementary,38
Lincoln Elementary,38
Lincoln Elementary,38
Lincoln Elementary,38
Lincoln Elementary,38
Lincoln Elementary,38
Lincoln Elementary,38
Lincoln Elementary,38
Lincoln Elementary,38
Lincoln Elementary,38
Lincoln Elementary,38
Lincoln Elementary,38
Lincoln Elementary,38
Lincoln Elementary,38
Lincoln Elementary,38
Lincoln Elementary,38
Lincoln Elementary,38
Lincoln Elementary,38
Lincoln Elementary,38
Lincoln Elementary,38
Lincoln Elementary,38
Lincoln Elementary,38
Lincoln Elementary,38
Lincoln Elementary,38
Mendon Elementary,40
Lincoln Elementary,38
Lillian Fletcher Elementary,37
Lillian Fletcher Elementary,37
Lillian Fletcher Elementary,37
Lillian Fletcher Elementary,37
Lillian Fletcher Elementary,37
Lillian Fletcher Elementary,37
Lillian Fletcher Elementary,37
Lillian Fletcher Elementary,37
Lillian Fletcher Elementary,37
Lillian Fletcher Elementary,37
Lillian Fletcher Elementary,37
Lillian Fletcher Elementary,37
Lillian Fletcher Elementary,37
Lillian Fletcher Elementary,37
Lillian Fletcher Elementary,37
Lillian Fletcher Elementary,37
Lillian Fletcher Elementary,37
Lillian Fletcher Elementary,37
Dryden Elementary School,22
Dryden Elementary School,22
Dryden Elementary School,22
Dryden Elementary School,22
Dryden Elementary School,22
Dryden Elementary School,22
Dryden Elementary School,22
Dryden Elementary School,22
Dryden Elementary School,22
Dryden Elementary School,22
Dryden Elementary School,22
Dryden Elementary School,22
Dryden Elementary School,22
Dryden Elementary School,22
Other school (please type in the name):,57
Dryden Elementary School,22
Dryden Elementary School,22
Dryden Elementary School,22
Dryden Elementary School,22
Dryden Elementary School,22
Dryden Elementary School,22
Dryden Elementary School,22
Dryden Elementary School,22
Dryden Elementary School,22
Dryden Elementary School,22
Dryden Elementary School,22
Dryden Elementary School,22
Dryden Elementary School,22
Dryden Elementary School,22
Dryden Elementary School,22
Dryden Elementary School,22
Dryden Elementary School,22
Other school (please type in the name):,57
Dryden Elementary School,22
Dryden Elementary School,22
Dryden Elementary School,22
Dryden Elementary School,22
Dryden Elementary School,22
Dryden Elementary School,22
Dryden Elementary School,22
Dryden Elementary School,22
Dryden Elementary School,22
Dryden Elementary School,22
Dryden Elementary School,22
Dryden Elementary School,22
Dryden Elementary School,22
Dryden Elementary School,22
Dryden Elementary School,22
Dryden Elementary School,22
Dryden Elementary School,22
North Huron Elementary,41
North Huron Elementary,41
North Huron Elementary,41
North Huron Elementary,41
North Huron Elementary,41
North Huron Elementary,41
North Huron Elementary,41
North Huron Elementary,41
North Huron Elementary,41
North Huron Elementary,41
North Huron Elementary,41
North Huron Elementary,41
North Huron Elementary,41
North Huron Elementary,41
Central Montcalm Upper Elementary,14
North Huron Elementary,41
North Huron Elementary,41
Central Montcalm Upper Elementary,14
Central Montcalm Upper Elementary,14
Central Montcalm Upper Elementary,14
Central Montcalm Upper Elementary,14
Central Montcalm Upper Elementary,14
Central Montcalm Upper Elementary,14
Central Montcalm Elementary,13
Central Montcalm Upper Elementary,14
Central Montcalm Upper Elementary,14
Central Montcalm Upper Elementary,14
Central Montcalm Upper Elementary,14
Central Montcalm Upper Elementary,14
Central Montcalm Upper Elementary,14
Central Montcalm Upper Elementary,14
Central Montcalm Upper Elementary,14
Central Montcalm Upper Elementary,14
Central Montcalm Upper Elementary,14
Central Montcalm Upper Elementary,14
Central Montcalm Upper Elementary,14
Central Montcalm Upper Elementary,14
Central Montcalm Upper Elementary,14
Central Montcalm Upper Elementary,14
Central Montcalm Upper Elementary,14
Central Montcalm Upper Elementary,14
Other school (please type in the name):,57
Central Montcalm Upper Elementary,14
Central Montcalm Upper Elementary,14
Central Montcalm Upper Elementary,14
Central Montcalm Upper Elementary,14
Central Montcalm Upper Elementary,14
Central Montcalm Upper Elementary,14
Central Montcalm Upper Elementary,14
Central Montcalm Upper Elementary,14
Central Montcalm Upper Elementary,14
Central Montcalm Upper Elementary,14
Central Montcalm Upper Elementary,14
Central Montcalm Upper Elementary,14
Central Montcalm Upper Elementary,14
Central Montcalm Upper Elementary,14
Central Montcalm Upper Elementary,14
Central Montcalm Upper Elementary,14
Central Montcalm Upper Elementary,14
Central Montcalm Upper Elementary,14
Central Montcalm Upper Elementary,14
Central Montcalm Upper Elementary,14
Central Montcalm Upper Elementary,14
Central Montcalm Upper Elementary,14
Central Montcalm Upper Elementary,14
Central Montcalm Upper Elementary,14
Central Montcalm Upper Elementary,14
Central Montcalm Upper Elementary,14
Central Montcalm Upper Elementary,14
Central Montcalm Upper Elementary,14
Central Montcalm Upper Elementary,14
Central Montcalm Upper Elementary,14
Central Montcalm Upper Elementary,14
Central Montcalm Upper Elementary,14
Central Montcalm Upper Elementary,14
Central Montcalm Upper Elementary,14
Central Montcalm Upper Elementary,14
Central Montcalm Upper Elementary,14
Central Montcalm Upper Elementary,14
Central Montcalm Upper Elementary,14
Central Montcalm Upper Elementary,14
Central Montcalm Upper Elementary,14
Blair Moody Elementary,8
Blair Moody Elementary,8
Blair Moody Elementary,8
Blair Moody Elementary,8
Blair Moody Elementary,8
Blair Moody Elementary,8
Blair Moody Elementary,8
Blair Moody Elementary,8
Blair Moody Elementary,8
Blair Moody Elementary,8
Blair Moody Elementary,8
Blair Moody Elementary,8
Blair Moody Elementary,8
Blair Moody Elementary,8
Blair Moody Elementary,8
Blair Moody Elementary,8
Blair Moody Elementary,8
Blair Moody Elementary,8
Blair Moody Elementary,8
Blair Moody Elementary,8
Lillian Fletcher Elementary,37
Lillian Fletcher Elementary,37
Lillian Fletcher Elementary,37
Lillian Fletcher Elementary,37
Lillian Fletcher Elementary,37
Lillian Fletcher Elementary,37
Lillian Fletcher Elementary,37
Lillian Fletcher Elementary,37
Lillian Fletcher Elementary,37
Lillian Fletcher Elementary,37
Lillian Fletcher Elementary,37
Lillian Fletcher Elementary,37
Lillian Fletcher Elementary,37
Lillian Fletcher Elementary,37
Lillian Fletcher Elementary,37
Lillian Fletcher Elementary,37
Lillian Fletcher Elementary,37
Lillian Fletcher Elementary,37
Lillian Fletcher Elementary,37
Lillian Fletcher Elementary,37
Lillian Fletcher Elementary,37
Lillian Fletcher Elementary,37
Lillian Fletcher Elementary,37
Blair Moody Elementary,8
Blair Moody Elementary,8
Blair Moody Elementary,8
Blair Moody Elementary,8
Blair Moody Elementary,8
Blair Moody Elementary,8
Blair Moody Elementary,8
Blair Moody Elementary,8
Blair Moody Elementary,8
Blair Moody Elementary,8
Blair Moody Elementary,8
Blair Moody Elementary,8
Blair Moody Elementary,8
Blair Moody Elementary,8
Blair Moody Elementary,8
Blair Moody Elementary,8
Blair Moody Elementary,8
Blair Moody Elementary,8
Pullman Elementary,44
Pullman Elementary,44
Pullman Elementary,44
Pullman Elementary,44
Pullman Elementary,44
Pullman Elementary,44
Pullman Elementary,44
Pullman Elementary,44
Pullman Elementary,44
Pullman Elementary,44
Pullman Elementary,44
Pullman Elementary,44
Pullman Elementary,44
Pullman Elementary,44
Pullman Elementary,44
Pullman Elementary,44
Pullman Elementary,44
Pullman Elementary,44
Blair Moody Elementary,8
Blair Moody Elementary,8
Blair Moody Elementary,8
Blair Moody Elementary,8
Blair Moody Elementary,8
Blair Moody Elementary,8
Blair Moody Elementary,8
Blair Moody Elementary,8
Blair Moody Elementary,8
Blair Moody Elementary,8
Blair Moody Elementary,8
Blair Moody Elementary,8
Blair Moody Elementary,8
Blair Moody Elementary,8
Blair Moody Elementary,8
Blair Moody Elementary,8
Blair Moody Elementary,8
Blair Moody Elementary,8
Blair Moody Elementary,8
Blair Moody Elementary,8
Blair Moody Elementary,8
Blair Moody Elementary,8
Blair Moody Elementary,8
Blair Moody Elementary,8
Blair Moody Elementary,8
Blair Moody Elementary,8
Blair Moody Elementary,8
Blair Moody Elementary,8
Blair Moody Elementary,8
Blair Moody Elementary,8
Blair Moody Elementary,8
Blair Moody Elementary,8
Blair Moody Elementary,8
Blair Moody Elementary,8
Blair Moody Elementary,8
Blair Moody Elementary,8
Blair Moody Elementary,8
Blair Moody Elementary,8
Blair Moody Elementary,8
Blair Moody Elementary,8
Blair Moody Elementary,8
Blair Moody Elementary,8
Blair Moody Elementary,8
Blair Moody Elementary,8
Blair Moody Elementary,8
Blair Moody Elementary,8
Blair Moody Elementary,8
Blair Moody Elementary,8
Blair Moody Elementary,8
Blair Moody Elementary,8
Blair Moody Elementary,8
Blair Moody Elementary,8
Blair Moody Elementary,8
Blair Moody Elementary,8
Blair Moody Elementary,8
Blair Moody Elementary,8
Blair Moody Elementary,8
Blair Moody Elementary,8
Blair Moody Elementary,8
Blair Moody Elementary,8
Blair Moody Elementary,8
Blair Moody Elementary,8
Blair Moody Elementary,8
Blair Moody Elementary,8
Blair Moody Elementary,8
North Huron Elementary,41
North Huron Elementary,41
North Huron Elementary,41
North Huron Elementary,41
North Huron Elementary,41
North Huron Elementary,41
North Huron Elementary,41
North Huron Elementary,41
North Huron Elementary,41
North Huron Elementary,41
North Huron Elementary,41
North Huron Elementary,41
North Huron Elementary,41
North Huron Elementary,41
North Huron Elementary,41
North Huron Elementary,41
North Huron Elementary,41
North Huron Elementary,41
North Huron Elementary,41
Blair Moody Elementary,8
Blair Moody Elementary,8
Blair Moody Elementary,8
Blair Moody Elementary,8
Blair Moody Elementary,8
Blair Moody Elementary,8
Blair Moody Elementary,8
Blair Moody Elementary,8
Blair Moody Elementary,8
Blair Moody Elementary,8
Blair Moody Elementary,8
Blair Moody Elementary,8
Blair Moody Elementary,8
Blair Moody Elementary,8
Blair Moody Elementary,8
Blair Moody Elementary,8
Blair Moody Elementary,8
Blair Moody Elementary,8
Blair Moody Elementary,8
Blair Moody Elementary,8
Blair Moody Elementary,8
Blair Moody Elementary,8
Blair Moody Elementary,8
Blair Moody Elementary,8
Capac Elementary School,11
Collins Elementary School,18
Blair Moody Elementary,8
Blair Moody Elementary,8
Blair Moody Elementary,8
Blair Moody Elementary,8
Blair Moody Elementary,8
Blair Moody Elementary,8
Blair Moody Elementary,8
Blair Moody Elementary,8
Blair Moody Elementary,8
Blair Moody Elementary,8
Blair Moody Elementary,8
Blair Moody Elementary,8
Blair Moody Elementary,8
Other school (please type in the name):,57
Blair Moody Elementary,8
Blair Moody Elementary,8
Blair Moody Elementary,8
Blair Moody Elementary,8
Blair Moody Elementary,8
Blair Moody Elementary,8
Blair Moody Elementary,8
Blair Moody Elementary,8
Blair Moody Elementary,8
Blair Moody Elementary,8
Blair Moody Elementary,8
Blair Moody Elementary,8
Blair Moody Elementary,8
Blair Moody Elementary,8
Collins Elementary School,18
Blair Moody Elementary,8
Blair Moody Elementary,8
Blair Moody Elementary,8
Blair Moody Elementary,8
Blair Moody Elementary,8
Blair Moody Elementary,8
Blair Moody Elementary,8
Blair Moody Elementary,8
Blair Moody Elementary,8
Blair Moody Elementary,8
Blair Moody Elementary,8
Blair Moody Elementary,8
Blair Moody Elementary,8
Blair Moody Elementary,8
Blair Moody Elementary,8
Blair Moody Elementary,8
Vanderbilt Area School,51
Vanderbilt Area School,51
Vanderbilt Area School,51
Vanderbilt Area School,51
Vanderbilt Area School,51
Vanderbilt Area School,51
Vanderbilt Area School,51
Vanderbilt Area School,51
Vanderbilt Area School,51
Vanderbilt Area School,51
Wolverine Elementary School,54
Wolverine Elementary School,54
Wolverine Elementary School,54
Wolverine Elementary School,54
Wolverine Elementary School,54
Wolverine Elementary School,54
Wolverine Elementary School,54
Wolverine Elementary School,54
Wolverine Elementary School,54
Wolverine Elementary School,54
Wolverine Elementary School,54
Wolverine Elementary School,54
Wolverine Elementary School,54
Wolverine Elementary School,54
Wolverine Elementary School,54
Wolverine Elementary School,54
Wolverine Elementary School,54
Wolverine Elementary School,54
Vanderbilt Area School,51
Blair Moody Elementary,8
Blair Moody Elementary,8
Blair Moody Elementary,8
Blair Moody Elementary,8
Blair Moody Elementary,8
Blair Moody Elementary,8
Blair Moody Elementary,8
Blair Moody Elementary,8
Blair Moody Elementary,8
Blair Moody Elementary,8
Blair Moody Elementary,8
Blair Moody Elementary,8
Blair Moody Elementary,8
Blair Moody Elementary,8
Blair Moody Elementary,8
Blair Moody Elementary,8
Blair Moody Elementary,8
Blair Moody Elementary,8
Blair Moody Elementary,8
Blair Moody Elementary,8
Blair Moody Elementary,8
Blair Moody Elementary,8
